id,displayName,userPrincipalName
942a7291-35c2-5713-a618-6880034074e0,Avery Adams,avery.adams@example.com
240258f2-781e-597a-b336-72086e8f168d,Blake Foster,blake.foster@example.com
4d8f5be4-6143-5b29-a6ed-5629cd1dc6bf,Casey Kim,casey.kim@example.com
2c08ea69-7930-549b-8e59-ea2532950b07,Dakota Patel,dakota.patel@example.com
495e4c00-a86b-522b-8e4b-87451ace46e7,Emerson Young,emerson.young@example.com
02a10446-8fe3-516e-b353-53dec55ba8e1,Finley Bennett,finley.bennett@example.com
4c87efda-1f5f-5204-a4f1-ae7cd418a877,Harper Garcia,harper.garcia@example.com
4c0a5a71-7dda-5199-a23e-5d2318343d61,Hayden Lopez,hayden.lopez@example.com
5b4c0ab8-65c3-551f-8bba-9437fc9a835e,Jordan Reed,jordan.reed@example.com
f4f3154f-f3f4-5812-8393-6d076236c357,Kai Zhang,kai.zhang@example.com
cfb6610c-497e-5276-96f1-0a583ea4bf28,Logan Carter,logan.carter@example.com
f7121e4d-1dfa-5ed6-ad2b-11cfc3370cf0,Morgan Hughes,morgan.hughes@example.com
bffdb5e5-2d87-51f9-a397-a28f96ef8869,Parker Martin,parker.martin@example.com
f2ce4410-c133-52e1-9ed3-dfeb61d77007,Quinn Singh,quinn.singh@example.com
8bd31a07-1de5-5d4a-a64d-9013d90e1ac1,Reese Brooks,reese.brooks@example.com
cc5ca2ba-0e66-5545-af37-38a678fae652,Riley Diaz,riley.diaz@example.com
4215a372-efc6-5927-8d9d-f297732193ad,Rowan Ibrahim,rowan.ibrahim@example.com
c1400e30-bca5-529e-9730-09ac8abbeb27,Sage Nguyen,sage.nguyen@example.com
f7d0e6f5-fd0c-599f-9a60-263b0cf36fd1,Skyler Turner,skyler.turner@example.com
db0602cc-a6f9-529c-a8a7-f2e6d0232e42,Taylor Clark,taylor.clark@example.com
4fd4cc0b-fd40-554a-bc7a-ad2b9ab167b9,Alex Edwards,alex.edwards@example.com
97e75e85-2e27-5fc6-96de-eca65b25b1d7,Cameron Jensen,cameron.jensen@example.com
3b4c31b7-e086-5221-bc80-a776e68d9ddd,Drew Owens,drew.owens@example.com
0f41ea72-38cf-523d-866c-cf54fc434767,Elliot Wright,elliot.wright@example.com
06b32c48-47fc-51e2-896d-02affefa5b64,Avery Bennett,avery.bennett@example.com
39e159fa-76b2-573b-b805-021669add5a4,Blake Garcia,blake.garcia@example.com
79f2e453-dfeb-5623-a18f-ae9e0cc33f23,Casey Lopez,casey.lopez@example.com
aeb08329-3a83-56fa-8bdd-3710ea54bb30,Dakota Reed,dakota.reed@example.com
fcdae446-dec5-5638-86ea-57da74945e0b,Emerson Zhang,emerson.zhang@example.com
4c6ef526-12d5-5e4b-85f4-a5a9ecc00420,Finley Carter,finley.carter@example.com
9888b900-b3fd-5a08-a174-1c8848912792,Harper Hughes,harper.hughes@example.com
f21d3c20-a2dd-554b-a730-7d079aa1cd5c,Hayden Martin,hayden.martin@example.com
4fcc8268-8820-51db-890b-6ec9e060dcec,Jordan Singh,jordan.singh@example.com
3de1dfe2-0e24-5285-b2ab-e62c85f1a974,Kai Brooks,kai.brooks@example.com
dd41ac1f-94b3-5d49-b47a-7d4cddf520a1,Logan Diaz,logan.diaz@example.com
51e2ce2f-2649-5494-aa02-9f8741746965,Morgan Ibrahim,morgan.ibrahim@example.com
6e064272-1c78-50ff-b417-20ba15cd8cdb,Parker Nguyen,parker.nguyen@example.com
cb7a3795-23c5-58ab-ab14-7204da045ffa,Quinn Turner,quinn.turner@example.com
83b2cf2a-4003-5e04-b3d8-418a11199060,Reese Clark,reese.clark@example.com
ab3f2259-2470-58c7-bc3a-adbc5dac4b68,Riley Edwards,riley.edwards@example.com
789575d2-19c3-51d4-8f4c-c0752d372a8f,Rowan Jensen,rowan.jensen@example.com
46cc35f8-c17f-5953-8ecf-d1389834c1e0,Sage Owens,sage.owens@example.com
86096a63-e89b-555f-9af3-0a84ec794986,Skyler Wright,skyler.wright@example.com
de834ce8-4351-501a-acf3-e60bc7948bfb,Taylor Adams,taylor.adams@example.com
347d8bdb-efea-54e8-8305-b25e0bf1d185,Alex Foster,alex.foster@example.com
f007061e-deb9-59a7-99fc-d0672e74de67,Cameron Kim,cameron.kim@example.com
0fbce765-4521-5411-8d1d-13f2b4bc2028,Drew Patel,drew.patel@example.com
c5b5a60f-093d-5bd8-a0d2-3b72c21255e4,Elliot Young,elliot.young@example.com
987465b3-2684-5f38-8754-1f4a84c7e2b5,Avery Carter,avery.carter@example.com
720473e1-64c5-5ded-8cd2-056632c5b2d2,Blake Hughes,blake.hughes@example.com
dcf57bb7-68ef-59c1-8bfa-9f631b343d36,Casey Martin,casey.martin@example.com
82a6987a-16f0-545d-bde1-7d4801079e7f,Dakota Singh,dakota.singh@example.com
a42b1703-9a77-5ba6-aafc-db870fdf2445,Emerson Brooks,emerson.brooks@example.com
e468041f-a3fe-5b1d-820a-dd7068947c9c,Finley Diaz,finley.diaz@example.com
519ce781-e258-5754-b01f-ae2c28a09cbf,Harper Ibrahim,harper.ibrahim@example.com
3de2e134-f351-5d3e-9358-2a273b9c0534,Hayden Nguyen,hayden.nguyen@example.com
025355b1-a23d-5136-98f1-cd76987bc6e8,Jordan Turner,jordan.turner@example.com
ce2d3e65-1c50-5bbf-b4cd-28a7af6f45be,Kai Clark,kai.clark@example.com
675c4308-8c6e-594c-bc2c-38e60a85fb39,Logan Edwards,logan.edwards@example.com
2a156825-451d-59a3-bce2-3bb4a4ad3a2e,Morgan Jensen,morgan.jensen@example.com
16a607b3-f77c-5449-9e31-5abe26a00a64,Parker Owens,parker.owens@example.com
1725c81d-03e1-5306-bf1c-3c93f41ec84d,Quinn Wright,quinn.wright@example.com
8503434a-ac5c-521d-8b47-b05f9ff1a7ad,Reese Adams,reese.adams@example.com
99b10942-bfde-5ca3-8ca3-77cb73546044,Riley Foster,riley.foster@example.com
b1dee2d2-cdc3-5ce8-8601-1798edf498bd,Rowan Kim,rowan.kim@example.com
bff1a828-fcb8-53cc-aae4-c07df73ececf,Sage Patel,sage.patel@example.com
b3ec16aa-c534-59ac-a250-1a42bc9a8467,Skyler Young,skyler.young@example.com
bf72748b-6136-55eb-b42e-584f64bd04b9,Taylor Bennett,taylor.bennett@example.com
83d3923e-5509-5a0c-9eda-f1f7c941a3c6,Alex Garcia,alex.garcia@example.com
661347fe-ffe0-5af9-89a1-294ebd6ebce0,Cameron Lopez,cameron.lopez@example.com
762f0c31-8ec1-5ced-bb0a-b9edcb32ffb7,Drew Reed,drew.reed@example.com
84b62fa4-660e-5a61-a6c4-e4c1b747fea8,Elliot Zhang,elliot.zhang@example.com
